{"cameraMode":{"drawMode":0,"name":"Shaded","section":"Shading Mode"},"sceneLighting":true,"audioPlay":false,"sceneViewState":{"m_AlwaysRefresh":false,"showFog":true,"showSkybox":true,"showFlares":true,"showImageEffects":true,"showParticleSystems":true,"showVisualEffectGraphs":true,"m_FxEnabled":true},"in2DMode":false,"pivot":{"x":6.197544574737549,"y":-0.9553565979003906,"z":-2.333968162536621},"rotation":{"x":-0.011905916966497898,"y":0.9603493809700012,"z":-0.27543511986732485,"w":-0.04151195287704468},"size":7.630308628082275,"orthographic":false}